Id,Username,Password,Full_Name,Position,Manager_Name,Email,Phone,Profile_Image
12345,karamnay,MTIzNDU=,Karam Naylor,Sales Account Manager,Nabila Franco,karamnay@gmail.com,529642695,male.jpg
12346,ashwinhi,MTIzNDU=,Ashwin Hicks,Manufacturing Operator,Steve Bernard,ashwinhi@gmail.com,525489632,male.jpg
12347,tillyobr,MTIzNDU=,Tilly-Mae Obrien,Equipment Technician,Kyla Hough,tillyobr@gmail.com,548562155,female.jpg
12348,nayanstu,MTIzNDU=,Nayan Stuart,Employee Relations Manager,Soraya Wilkerson,nayanstu@gmail.com,506231458,female.jpg
12349,abdurahmanp,MTIzNDU=,Abdurahman Pike,Integration Engineer,Natasha Hickman,abdurahmanp@gmail.com,529875321,male.jpg
12350,jarethza,MTIzNDU=,Jareth Zamora,Equipment Technician,Habibah Keenan,jarethza@gmail.com,506584923,male.jpg
12351,herbiese,MTIzNDU=,Herbie Sears,Marketing Administrator,Blade Byrne,herbiese@gmail.com,523258446,female.jpg
12352,abigaila,MTIzNDU=,Abigail Adkins,Export Manager,Iestyn Villa,abigaila@gmail.com,549586215,female.jpg
12353,filipkau,MTIzNDU=,Filip Kaur,Process Engineer,Mischa Hayward,filipkau@gmail.com,528563214,male.jpg
12354,mia,MTIzNDU=,Mia-Rose Halliday,Manufacturing Operator,Ariya Thomson,mia@gmail.com,523215854,female.jpg
12355,nataliap,MTIzNDU=,Natalia Patrick,Process Technician,Hashim Walmsley,nataliap@gmail.com,548652146,female.jpg
12356,atticusr,MTIzNDU=,Atticus Raymond,Manufacturing Operator,Kaja Herrera,atticusr@gmail.com,508512345,male.jpg
12357,sachadre,MTIzNDU=,Sacha Drew,Information Systems Manager,Theresa Adkins,sachadre@gmail.com,546523458,female.jpg
12358,luisturn,MTIzNDU=,Luis Turner,Equipment Technician,Dulcie Rodgers,luisturn@gmail.com,505428654,male.jpg
12359,madihall,MTIzNDU=,Madiha Lloyd,Customer Support Representative,Marius Millar,madihall@gmail.com,526321459,female.jpg
12360,chynafin,MTIzNDU=,Chyna Finley,Application Development Director,Archer Maynard,chynafin@gmail.com,508563214,female.jpg
12361,kesterno,MTIzNDU=,Kester Norris,Manufacturing Operator,Viola Walter,kesterno@gmail.com,529517539,male.jpg
12362,sufyaanb,MTIzNDU=,Sufyaan Beattie,Manufacturing Operator,Nadeem Ingram,sufyaanb@gmail.com,545662512,male.jpg
12363,kathryna,MTIzNDU=,Kathryn Alvarez,Manufacturing Operator,Aneesa Maguire,kathryna@gmail.com,509531587,female.jpg
12364,jaredmel,MTIzNDU=,Jared Mellor,Manufacturing Director,Wilson Carr,jaredmel@gmail.com,529563215,male.jpg
